implementation,n_items,k_candidates,workers,best_auc,time_seconds,candidates_per_second,speedup,efficiency,speedup_vs_python
Python secuencial,10,1,1,1.0,0.0015245550002873642,655.9291070584593,1.0,1.0,1.0
Python secuencial,10,10,1,1.0,0.009042810000210011,1105.8509467486058,1.0,1.0,1.0
Python secuencial,10,100,1,1.0,0.08358688799944503,1196.3598884153212,1.0,1.0,1.0
Python secuencial,10,1000,1,1.0,0.774133914000231,1291.7661685077676,1.0,1.0,1.0
Python secuencial,10,10000,1,1.0,7.7190361989996745,1295.498523675264,1.0,1.0,1.0
Python secuencial,10,100000,1,1.0,78.18998791900049,1278.936122916315,1.0,1.0,1.0
Python secuencial,10,1000000,1,1.0,830.2723619369999,1204.424049075933,1.0,1.0,1.0
Python secuencial,20,1,1,1.0,0.0015429680006491253,648.1015805767203,1.0,1.0,1.0
Python secuencial,20,10,1,1.0,0.00899664499956998,1111.5254631563187,1.0,1.0,1.0
Python secuencial,20,100,1,1.0,0.08510237999871606,1175.0552687422926,1.0,1.0,1.0
Python secuencial,20,1000,1,1.0,0.7874952279998979,1269.848964723034,1.0,1.0,1.0
Python secuencial,20,10000,1,1.0,7.984031258998584,1252.5001062250692,1.0,1.0,1.0
Python secuencial,20,100000,1,1.0,78.40039385399905,1275.5037963996044,1.0,1.0,1.0
Python secuencial,20,1000000,1,1.0,806.303570733,1240.2276714351062,1.0,1.0,1.0
Python secuencial,30,1,1,1.0,0.0014842929995211307,673.7214285337359,1.0,1.0,1.0
Python secuencial,30,10,1,1.0,0.008705104000910069,1148.7513531089987,1.0,1.0,1.0
Python secuencial,30,100,1,1.0,0.07780448000085016,1285.2730331069279,1.0,1.0,1.0
Python secuencial,30,1000,1,1.0,0.7696148979994177,1299.35114639732,1.0,1.0,1.0
Python secuencial,30,10000,1,1.0,7.587417110999013,1317.9715644607984,1.0,1.0,1.0
Python secuencial,30,100000,1,1.0,78.8273276660002,1268.5955868466158,1.0,1.0,1.0
Python secuencial,30,1000000,1,1.0,798.6822689569999,1252.0623517859,1.0,1.0,1.0
Python secuencial,40,1,1,1.0,0.0015125589998206124,661.1312352897301,1.0,1.0,1.0
Python secuencial,40,10,1,1.0,0.008722057998966193,1146.5184021002015,1.0,1.0,1.0
Python secuencial,40,100,1,1.0,0.08319075299914402,1202.0566757104475,1.0,1.0,1.0
Python secuencial,40,1000,1,1.0,0.7701804890002677,1298.3969527688885,1.0,1.0,1.0
Python secuencial,40,10000,1,1.0,7.951472413000374,1257.6287108347829,1.0,1.0,1.0
Python secuencial,40,100000,1,1.0,78.35425744299937,1276.2548362192997,1.0,1.0,1.0
Python secuencial,40,1000000,1,1.0,796.6866320160007,1255.1986688536729,1.0,1.0,1.0
Python secuencial,50,1,1,1.0,0.0017368870012433035,575.7426932691517,1.0,1.0,1.0
Python secuencial,50,10,1,1.0,0.008647595001093578,1156.3908807865537,1.0,1.0,1.0
Python secuencial,50,100,1,1.0,0.08312921700053266,1202.9464923188104,1.0,1.0,1.0
Python secuencial,50,1000,1,1.0,0.7699586180006008,1298.7710983698862,1.0,1.0,1.0
Python secuencial,50,10000,1,1.0,7.70756384500055,1297.4268135951181,1.0,1.0,1.0
Python secuencial,50,100000,1,1.0,82.5229265429989,1211.7844602601992,1.0,1.0,1.0
Python secuencial,50,1000000,1,1.0,801.3927503800005,1247.827609528318,1.0,1.0,1.0
Python multicore,10,10,2,1.0,0.026687202000175603,374.71144408223086,0.33884443937399317,0.16942221968699658,0.33884443937399317
Python multicore,10,100,2,1.0,0.062052350000158185,1611.542512084475,1.347038234639493,0.6735191173197465,1.347038234639493
Python multicore,10,1000,2,1.0,0.42409560000123747,2357.9589130306517,1.8253759623961487,0.9126879811980744,1.8253759623961487
Python multicore,10,10000,2,1.0,3.945659609998984,2534.430485249734,1.9563360659491007,0.9781680329745503,1.9563360659491007
Python multicore,10,100000,2,1.0,44.11480901200048,2266.8124885862517,1.7724204109719843,0.8862102054859922,1.7724204109719843
Python multicore,10,1000000,2,1.0,436.36209287699967,2291.674772679846,1.902714226304333,0.9513571131521665,1.902714226304333
Python multicore,20,10,2,1.0,0.022092064000389655,452.6512325794286,0.40723424481349046,0.20361712240674523,0.40723424481349046
Python multicore,20,100,2,1.0,0.05999049300044135,1666.9307918383718,1.4185977767858977,0.7092988883929489,1.4185977767858977
Python multicore,20,1000,2,1.0,0.4308089860005566,2321.2143490403146,1.827945223034137,0.9139726115170685,1.827945223034137
Python multicore,20,10000,2,1.0,4.165076799999952,2400.916112759341,1.916898929450395,0.9584494647251975,1.916898929450395
Python multicore,20,100000,2,1.0,42.612923700000465,2346.7059126008503,1.8398266780741495,0.9199133390370747,1.8398266780741495
Python multicore,20,1000000,2,1.0,442.13478636000036,2261.7537249959064,1.8236601045828629,0.9118300522914314,1.8236601045828629
Python multicore,30,10,2,1.0,0.02426478999950632,412.119783447681,0.3587545575744599,0.17937727878722995,0.3587545575744599
Python multicore,30,100,2,1.0,0.062107845000355155,1610.102556278167,1.2527319213926236,0.6263659606963118,1.2527319213926236
Python multicore,30,1000,2,1.0,0.4262708419992123,2345.926348867765,1.8054598676980114,0.9027299338490057,1.8054598676980114
Python multicore,30,10000,2,1.0,4.040538336001191,2474.917738287498,1.8778233195797542,0.9389116597898771,1.8778233195797542
Python multicore,30,100000,2,1.0,41.94970797300084,2383.8068208808695,1.8790912136202256,0.9395456068101128,1.8790912136202256
Python multicore,30,1000000,2,1.0,436.2897833809984,2292.054588696914,1.8306233594737544,0.9153116797368772,1.8306233594737544
Python multicore,40,10,2,1.0,0.023882216000856715,418.7216127532418,0.3652114191854437,0.18260570959272185,0.3652114191854437
Python multicore,40,100,2,1.0,0.06353319499976351,1573.9803420931723,1.3094060986458131,0.6547030493229066,1.3094060986458131
Python multicore,40,1000,2,1.0,0.434377081999628,2302.1472389762416,1.7730688862653379,0.8865344431326689,1.7730688862653379
Python multicore,40,10000,2,1.0,4.167882515001111,2399.2998756581637,1.9077966771811117,0.9538983385905558,1.9077966771811117
Python multicore,40,100000,2,1.0,43.183577174000675,2315.6951448711043,1.8144457354073422,0.9072228677036711,1.8144457354073422
Python multicore,40,1000000,2,1.0,440.97486021700024,2267.7029695250835,1.806648641203622,0.903324320601811,1.806648641203622
Python multicore,50,10,2,1.0,0.0237660370003141,420.76851095821473,0.36386356719798457,0.18193178359899229,0.36386356719798457
Python multicore,50,100,2,1.0,0.06410309999955643,1559.9869585198212,1.2968049439279516,0.6484024719639758,1.2968049439279516
Python multicore,50,1000,2,1.0,0.41594050799903926,2404.189976135505,1.8511267914361909,0.9255633957180954,1.8511267914361909
Python multicore,50,10000,2,1.0,4.011801452001237,2492.6457900880478,1.9212226570075468,0.9606113285037734,1.9212226570075468
Python multicore,50,100000,2,1.0,42.10128283599988,2375.224536257888,1.9601047992873832,0.9800523996436916,1.9601047992873832
Python multicore,50,1000000,2,1.0,465.2275505200014,2149.4857707422193,1.7225823137177825,0.8612911568588912,1.7225823137177825
Python multicore,10,10,4,1.0,0.03140646899919375,318.4057399211836,0.2879282609083547,0.07198206522708868,0.2879282609083547
Python multicore,10,100,4,1.0,0.05112541700145812,1955.9742661296623,1.6349380191277676,0.4087345047819419,1.6349380191277676
Python multicore,10,1000,4,1.0,0.31276773200079333,3197.2607711254036,2.4751079948307053,0.6187769987076763,2.4751079948307053
Python multicore,10,10000,4,1.0,2.5281012800005556,3955.53773067106,3.0532938929558937,0.7633234732389734,3.0532938929558937
Python multicore,10,100000,4,1.0,26.72165163399768,3742.2836495918928,2.9260911335106314,0.7315227833776579,2.9260911335106314
Python multicore,10,1000000,4,1.0,271.8680458400013,3678.2550038577024,3.0539534698595237,0.7634883674648809,3.0539534698595237
Python multicore,20,10,4,1.0,0.026844088999496307,372.52148881594144,0.3351443589588304,0.0837860897397076,0.3351443589588304
Python multicore,20,100,4,1.0,0.04742084600002272,2108.7772242602355,1.7946196067163223,0.44865490167908056,1.7946196067163223
Python multicore,20,1000,4,1.0,0.24209288499696413,4130.64597091542,3.2528639906528984,0.8132159976632246,3.2528639906528984
Python multicore,20,10000,4,1.0,2.307738982999581,4333.245689251251,3.4596769035902852,0.8649192258975713,3.4596769035902852
Python multicore,20,100000,4,1.0,23.825415990999318,4197.198489116734,3.2906201463016167,0.8226550365754042,3.2906201463016167
Python multicore,20,1000000,4,1.0,256.4176569119991,3899.8874416171493,3.1444931696326917,0.7861232924081729,3.1444931696326917
Python multicore,30,10,4,1.0,0.027403842999774497,364.91232270168416,0.3176599720331817,0.07941499300829542,0.3176599720331817
Python multicore,30,100,4,1.0,0.04608532599741011,2169.888089879624,1.6882701449312216,0.4220675362328054,1.6882701449312216
Python multicore,30,1000,4,1.0,0.24280762700072955,4118.4867722338695,3.1696487771247206,0.7924121942811801,3.1696487771247206
Python multicore,30,10000,4,1.0,2.215924869000446,4512.788380100078,3.4240407773488846,0.8560101943372211,3.4240407773488846
Python multicore,30,100000,4,1.0,23.389690171999973,4275.387970709889,3.370174084664241,0.8425435211660602,3.370174084664241
Python multicore,30,1000000,4,1.0,256.7040293809987,3895.5368266378305,3.1112961915046533,0.7778240478761633,3.1112961915046533
Python multicore,40,10,4,1.0,0.027733359002013458,360.5765893440457,0.3144969925328182,0.07862424813320455,0.3144969925328182
Python multicore,40,100,4,1.0,0.04739161099860212,2110.0780896211704,1.7553898516258046,0.43884746290645116,1.7553898516258046
Python multicore,40,1000,4,1.0,0.24249197199969785,4123.847860832465,3.176107162018656,0.794026790504664,3.176107162018656
Python multicore,40,10000,4,1.0,2.282981174001179,4380.237609438489,3.4829338513836854,0.8707334628459213,3.4829338513836854
Python multicore,40,100000,4,1.0,24.397085131000495,4098.850311955243,3.211623725632594,0.8029059314081485,3.211623725632594
Python multicore,40,1000000,4,1.0,250.43055058999744,3993.123034086966,3.1812677412522588,0.7953169353130647,3.1812677412522588
Python multicore,50,10,4,1.0,0.027646177000860916,361.7136647750101,0.3127953279335616,0.0781988319833904,0.3127953279335616
Python multicore,50,100,4,1.0,0.04982495899821515,2007.026237664987,1.6684251963661536,0.4171062990915384,1.6684251963661536
Python multicore,50,1000,4,1.0,0.2487551660015015,4020.017015421356,3.0952467455327275,0.7738116863831819,3.0952467455327275
Python multicore,50,10000,4,1.0,2.255548599998292,4433.51120876206,3.417157069905914,0.8542892674764785,3.417157069905914
Python multicore,50,100000,4,1.0,23.11705368100229,4325.810779346008,3.569785651828834,0.8924464129572085,3.569785651828834
Python multicore,50,1000000,4,1.0,252.5083331379974,3960.2653408412216,3.1737279337313367,0.7934319834328342,3.1737279337313367
Python multicore,10,10,8,1.0,0.04344988700177055,230.15019577824236,0.2081204491933782,0.026015056149172273,0.2081204491933782
Python multicore,10,100,8,1.0,0.05402586000127485,1850.965445022815,1.5471644134396496,0.1933955516799562,1.5471644134396496
Python multicore,10,1000,8,1.0,0.19200112500038813,5208.302815923493,4.031923844189278,0.5039904805236598,4.031923844189278
Python multicore,10,10000,8,1.0,1.4578497359980247,6859.417505847496,5.294809203168888,0.661851150396111,5.294809203168888
Python multicore,10,100000,8,1.0,14.988249649999489,6671.893138636333,5.216752439068371,0.6520940548835463,5.216752439068371
Python multicore,10,1000000,8,1.0,173.7440389479998,5755.593147568602,4.778709916980195,0.5973387396225244,4.778709916980195
Python multicore,20,10,8,1.0,0.042933759999868926,232.9169399565873,0.20954710231755724,0.026193387789694655,0.20954710231755724
Python multicore,20,100,8,1.0,0.058149830998445395,1719.6954536750666,1.4635017598071993,0.18293771997589992,1.4635017598071993
Python multicore,20,1000,8,1.0,0.17920319299810217,5580.25771343589,4.394426320340385,0.5493032900425481,4.394426320340385
Python multicore,20,10000,8,1.0,1.507233107000502,6634.673796345072,5.297144298327787,0.6621430372909733,5.297144298327787
Python multicore,20,100000,8,1.0,15.021578935000434,6657.089806118781,5.219184627211546,0.6523980784014433,5.219184627211546
Python multicore,20,1000000,8,1.0,176.67260876999717,5660.1869806646655,4.563828973526358,0.5704786216907948,4.563828973526358
Python multicore,30,10,8,1.0,0.03914678900036961,255.44879300076397,0.22237083099785984,0.02779635387473248,0.22237083099785984
Python multicore,30,100,8,1.0,0.056390292000287445,1773.3548888076384,1.3797495498064376,0.1724686937258047,1.3797495498064376
Python multicore,30,1000,8,1.0,0.18709882700204616,5344.768943896499,4.11341380558736,0.51417672569842,4.11341380558736
Python multicore,30,10000,8,1.0,1.4998015870005474,6667.548618880312,5.058947247931031,0.6323684059913789,5.058947247931031
Python multicore,30,100000,8,1.0,15.971043657002156,6261.331579051641,4.935640360073782,0.6169550450092227,4.935640360073782
Python multicore,30,1000000,8,1.0,182.97966123399965,5465.088268587247,4.364869098405544,0.545608637300693,4.364869098405544
Python multicore,40,10,8,1.0,0.040770105999399675,245.27775326724063,0.21393267898529922,0.026741584873162402,0.21393267898529922
Python multicore,40,100,8,1.0,0.05344868500105804,1870.9534200517835,1.5564602384043167,0.19455752980053959,1.5564602384043167
Python multicore,40,1000,8,1.0,0.19799053799943067,5050.74641497704,3.889986343703366,0.48624829296292077,3.889986343703366
Python multicore,40,10000,8,1.0,1.479273919998377,6760.07321214111,5.3752535656202864,0.6719066957025358,5.3752535656202864
Python multicore,40,100000,8,1.0,15.862009148000652,6304.37160052985,4.939743554042499,0.6174679442553124,4.939743554042499
Python multicore,40,1000000,8,1.0,177.8235185170015,5623.553106696577,4.480209584537213,0.5600261980671516,4.480209584537213
Python multicore,50,10,8,1.0,0.037654011000995524,265.57595682796216,0.22965933166761293,0.028707416458451616,0.22965933166761293
Python multicore,50,100,8,1.0,0.0560719830027665,1783.421856064305,1.4825446247626235,0.18531807809532794,1.4825446247626235
Python multicore,50,1000,8,1.0,0.1870155300020997,5347.149512068718,4.1170838485550165,0.5146354810693771,4.1170838485550165
Python multicore,50,10000,8,1.0,1.5186306329997024,6584.879682195875,5.075338056217164,0.6344172570271455,5.075338056217164
Python multicore,50,100000,8,1.0,15.412639622001734,6488.181288378972,5.354237078585578,0.6692796348231973,5.354237078585578
Python multicore,50,1000000,8,1.0,177.7166695110027,5626.9341685929385,4.509384249575897,0.5636730311969871,4.509384249575897C OpenMP,10,10,1,1,2.332900112e-05,428651.0145,1,1,387.6209681
C OpenMP,10,10,1,1,2.045599831e-05,488854.1663,1,1,442.0615344
C OpenMP,10,100,1,1,4.527099736e-05,2208919.746,1,1,1846.367274
C OpenMP,10,1000,1,1,0.0002806189987,3563550.596,1,1,2758.665371
C OpenMP,10,10000,1,1,0.001878929001,5322180.879,1,1,4108.210686
C OpenMP,10,100000,1,1,0.013233969,7556312.094,1,1,5908.279514
C OpenMP,10,1000000,1,1,0.121034379,8262115.345,1,1,6859.806022
C OpenMP,20,10,1,1,2.529500125e-05,395335.0269,1,1,355.6688893
C OpenMP,20,100,1,1,5.345500176e-05,1870732.33,1,1,1592.037736
C OpenMP,20,1000,1,1,0.0003020080003,3311170.562,1,1,2607.531017
C OpenMP,20,10000,1,1,0.002773981003,3604927.355,1,1,2878.185269
C OpenMP,20,100000,1,1,0.024198409,4132503.092,1,1,3239.8987
C OpenMP,20,1000000,1,1,0.154786536,6460510.235,1,1,5209.132471
C OpenMP,30,10,1,1,2.536700049e-05,394212.9462,1,1,343.1664695
C OpenMP,30,100,1,1,5.830200098e-05,1715206.997,1,1,1334.507885
C OpenMP,30,1000,1,1,0.0004004660004,2497090.886,1,1,1921.798348
C OpenMP,30,10000,1,1,0.002075819,4817375.695,1,1,3655.143878
C OpenMP,30,100000,1,1,0.02089947,4784810.332,1,1,3771.738119
C OpenMP,30,1000000,1,1,0.202041688,4949473.596,1,1,3953.056802
C OpenMP,40,10,1,1,2.63030015e-05,380184.748,1,1,331.5993423
C OpenMP,40,100,1,1,6.821100033e-05,1466039.195,1,1,1219.609045
C OpenMP,40,1000,1,1,0.0004447149986,2248631.153,1,1,1731.851841
C OpenMP,40,10000,1,1,0.004309641998,2320378.353,1,1,1845.042446
C OpenMP,40,100000,1,1,0.029706723,3366241.373,1,1,2637.593431
C OpenMP,40,1000000,1,1,0.237369984,4212832.571,1,1,3356.307392
C OpenMP,50,10,1,1,2.110600326e-05,473798.8466,1,1,409.7220537
C OpenMP,50,100,1,1,0.0001517540004,658961.2118,1,1,547.7892957
C OpenMP,50,1000,1,1,0.0003670989972,2724060.832,1,1,2097.414114
C OpenMP,50,10000,1,1,0.004915524001,2034371.106,1,1,1568.004519
C OpenMP,50,100000,1,1,0.03039598,3289908.731,1,1,2714.928966
C OpenMP,50,1000000,1,1,0.278032177,3596706.003,1,1,2882.374116
C OpenMP,10,10,2,1,0.0001563090009,63975.84236,0.1308689723,0.06543448616,57.85213871
C OpenMP,10,100,2,1,0.0001849190012,540777.3098,0.2448152817,0.1224076408,452.0189243
C OpenMP,10,1000,2,1,0.0003016920018,3314638.751,0.9301506073,0.4650753036,2565.97427
C OpenMP,10,10000,2,1,0.001251857997,7988126.468,1.500912248,0.7504561242,6166.063737
C OpenMP,10,100000,2,1,0.009685610999,10324593.87,1.366353553,0.6831767764,8072.798704
C OpenMP,10,1000000,2,1,0.064163972,15585070.08,1.886329278,0.9431646392,12939.85294
C OpenMP,20,10,2,1,0.0001678219996,59586.94344,0.1507251809,0.07536259044,53.60825767
C OpenMP,20,100,2,1,0.0001799870006,555595.6801,0.2969936806,0.1484968403,472.8251469
C OpenMP,20,1000,2,1,0.0003433530001,2912454.529,0.8795845682,0.4397922841,2293.544043
C OpenMP,20,10000,2,1,0.0009448060009,10584183.41,2.936032371,1.468016185,8450.445119
C OpenMP,20,100000,2,1,0.011704298,8543869.951,2.067480595,1.033740298,6698.427692
C OpenMP,20,1000000,2,1,0.080071947,12488768.38,1.933093197,0.9665465984,10069.73854
C OpenMP,30,10,2,1,0.0001071460028,93330.59316,0.2367517202,0.1183758601,81.24525199
C OpenMP,30,100,2,1,0.0001964170006,509120.8995,0.2968276718,0.1484138359,396.1188684
C OpenMP,30,1000,2,1,0.0003749290008,2667171.645,1.068111561,0.5340557806,2052.695034
C OpenMP,30,1000,2,1,0.000365109001,2738908.099,1.096839572,0.548419786,2107.904478
C OpenMP,30,10000,2,1,0.002009023003,4977543.804,1.033248,0.5166240001,3776.670103
C OpenMP,30,100000,2,1,0.014774773,6768293.497,1.414537469,0.7072687345,5335.264893
C OpenMP,30,1000000,2,1,0.106753802,9367347.872,1.892594776,0.9462973881,7481.534653
C OpenMP,40,10,2,1,0.0002418719996,41344.18211,0.1087476084,0.05437380421,36.06063543
C OpenMP,40,100,2,1,9.922100071e-05,1007851.153,0.6874653535,0.3437326768,838.4389636
C OpenMP,40,1000,2,1,0.0002636070021,3793525.938,1.687037882,0.8435189411,2921.699662
C OpenMP,40,10000,2,1,0.001702942998,5872187.155,2.530702438,1.265351219,4669.253417
C OpenMP,40,100000,2,1,0.017977974,5562362.033,1.652395481,0.8261977407,4358.347467
C OpenMP,40,1000000,2,1,0.156199133,6402084.191,1.519662622,0.759831311,5100.454892
C OpenMP,50,10,2,1,0.0001488779999,67169.09152,0.1417671065,0.07088355323,58.08511001
C OpenMP,50,100,2,1,0.0001462130022,683933.7031,1.037896754,0.5189483772,568.5487322
C OpenMP,50,1000,2,1,0.0002442219993,4094635.221,1.503136483,0.7515682417,3152.699676
C OpenMP,50,10000,2,1,0.001572247998,6360319.752,3.12643044,1.56321522,4902.257057
C OpenMP,50,100000,2,1,0.015006058,6663975.31,2.025580602,1.012790301,5499.30745
C OpenMP,50,1000000,2,1,0.141773143,7053522.119,1.96110611,0.9805530551,5652.641491
C OpenMP,10,10,4,1,0.0002596279992,38516.64702,0.07878964663,0.01969741166,34.82987208
C OpenMP,10,100,4,1,0.0002374160031,421201.5985,0.1906821645,0.04767054113,352.0693084
C OpenMP,10,1000,4,1,0.0002769669991,3610538.452,1.013185685,0.2532964213,2795.040263
C OpenMP,10,10000,4,1,0.0005361959993,18649896.7,3.504183178,0.8760457946,14395.92278
C OpenMP,10,100000,4,1,0.003410748999,29319073.33,3.880077075,0.9700192687,22924.57989
C OpenMP,10,1000000,4,1,0.037896142,26387910.41,3.193844349,0.7984610874,21909.1527
C OpenMP,20,10,4,1,0.0006605020026,15139.99952,0.03829663067,0.009574157668,13.62092009
C OpenMP,20,100,4,1,0.0002286660019,437319.0555,0.2337689088,0.05844222721,372.1689245
C OpenMP,20,1000,4,1,0.0002730090018,3662882.884,1.106219935,0.2765549838,2884.502792
C OpenMP,20,10000,4,1,0.0006611019999,15126258.89,4.19599548,1.04899887,12076.85238
C OpenMP,20,100000,4,1,0.004167871,23993065.04,5.805940011,1.451485003,18810.65749
C OpenMP,20,1000000,4,1,0.043954815,22750636.08,3.521492151,0.8803730377,18343.91911
C OpenMP,30,10,4,1,0.000339320999,29470.61935,0.07475812155,0.01868953039,25.65448064
C OpenMP,30,100,4,1,0.0003536069999,282799.8316,0.1648779606,0.04121949014,220.0309384
C OpenMP,30,1000,4,1,0.0002723200014,3672150.393,1.470571381,0.3676428451,2826.14165
C OpenMP,30,10000,4,1,0.0008821289994,11336210.47,2.353192109,0.5882980271,8601.255731
C OpenMP,30,100000,4,1,0.006164396,16222189.49,3.390351626,0.8475879064,12787.51846
C OpenMP,30,1000000,4,1,0.056919318,17568727.72,3.549615405,0.8874038512,14031.83132
C OpenMP,40,10,4,1,0.0002693730021,37123.24518,0.09764527735,0.02441131934,32.37910975
C OpenMP,40,100,4,1,0.0002091480019,478130.3149,0.3261374707,0.08153436767,397.7602093
C OpenMP,40,1000,4,1,0.0002936759993,3405113.126,1.514304879,0.3785762198,2622.551693
C OpenMP,40,10000,4,1,0.0008890229983,11248302.93,4.847615873,1.211903968,8944.057047
C OpenMP,40,100000,4,1,0.007285052001,13726737.98,4.077764029,1.019441007,10755.48362
C OpenMP,40,1000000,4,1,0.06798839,14708393.59,3.491331152,0.8728327881,11717.98056
C OpenMP,50,10,4,1,0.000457899001,21838.87708,0.04609314109,0.01152328527,18.88537643
C OpenMP,50,100,4,1,0.0003857299998,259248.6974,0.3934202693,0.09835506732,215.5114122
C OpenMP,50,1000,4,1,0.0003665299992,2728289.642,1.001552391,0.2503880979,2100.670122
C OpenMP,50,10000,4,1,0.0009949189989,10051069.5,4.940627334,1.235156833,7746.925984
C OpenMP,50,100000,4,1,0.007953246,12573482.57,3.821833249,0.9554583122,10376.00579
C OpenMP,50,1000000,4,1,0.07438461,13443641.1,3.737764801,0.9344412003,10773.63651
C OpenMP,10,10,8,1,0.0008149530004,12270.64628,0.02510083195,0.003137603994,11.09611229
C OpenMP,10,100,8,1,0.0009272509997,107845.6643,0.04882280782,0.006102850978,90.1448346
C OpenMP,10,1000,8,1,0.0007692590007,1299952.291,0.3647913102,0.04559891377,1006.337155
C OpenMP,10,10000,8,1,0.0009289629998,10764691.38,2.022609083,0.2528261354,8309.304247
C OpenMP,10,100000,8,1,0.002575704999,38824321.9,5.137998725,0.6422498406,30356.7326
C OpenMP,10,1000000,8,1,0.024036129,41604036.99,5.035518781,0.6294398476,34542.68206
C OpenMP,20,10,8,1,0.0007826399997,12777.26669,0.0323200977,0.004040012212,11.49525325
C OpenMP,20,100,8,1,0.0008020389978,124682.2165,0.06664888105,0.008331110131,106.1075337
C OpenMP,20,1000,8,1,0.001088429999,918754.5371,0.2774712205,0.03468390257,723.5148137
C OpenMP,20,10000,8,1,0.00087145,11475127.66,3.183178614,0.3978973267,9161.777795
C OpenMP,20,100000,8,1,0.003223071999,31026300.38,7.507871065,0.9384838831,24324.7417
C OpenMP,20,1000000,8,1,0.03017834,33136348.79,5.129060644,0.6411325805,26717.95635
C OpenMP,30,10,8,1,0.0008616019986,11606.28691,0.02944166858,0.003680208572,10.10339346
C OpenMP,30,100,8,1,0.0007289349996,137186.4433,0.07998244152,0.00999780519,106.7371988
C OpenMP,30,1000,8,1,0.001512208,661284.6908,0.2648220353,0.03310275441,508.9345499
C OpenMP,30,10000,8,1,0.0008938710016,11187296.58,2.32228028,0.290285035,8488.26855
C OpenMP,30,100000,8,1,0.003968613,25197720.21,5.266189976,0.658273747,19862.68947
C OpenMP,30,1000000,8,1,0.040772569,24526293.64,4.955333768,0.619416721,19588.71586
C OpenMP,40,10,8,1,0.0005791290023,17267.30998,0.04541820803,0.005677276003,15.06064791
C OpenMP,40,100,8,1,0.0007115730004,140533.7189,0.09585945544,0.01198243193,116.9110589
C OpenMP,40,1000,8,1,0.0007561059974,1322565.888,0.5881648871,0.07352061089,1018.614442
C OpenMP,40,10000,8,1,0.001021026997,9794060.318,4.220889368,0.527611171,7787.720043
C OpenMP,40,100000,8,1,0.005216470003,19170051.77,5.694794178,0.7118492722,15020.55171
C OpenMP,40,1000000,8,1,0.044734357,22354182.94,5.306212047,0.6632765058,17809.27872
C OpenMP,50,10,8,1,0.001054960001,9479.032371,0.02000644881,0.002500806102,8.197083295
C OpenMP,50,100,8,1,0.00076988,129890.3725,0.1971138364,0.02463922956,107.9768496
C OpenMP,50,1000,8,1,0.0009231000004,1083306.25,0.3976806381,0.04971007977,834.1009833
C OpenMP,50,10000,8,1,0.001039421997,9620731.549,4.729093683,0.5911367104,7415.240265
C OpenMP,50,100000,8,1,0.005772264998,17324221.95,5.26586704,0.65823338,14296.45496
C OpenMP,50,1000000,8,1,0.05681714,17600322.72,4.893456042,0.6116820052,14104.77103
C MPI,10,10,1,1,1.9308e-05,517920.0331,1,1,468.3452455
C MPI,10,100,1,1,3.4336e-05,2912395.154,1,1,2434.380475
C MPI,10,1000,1,1,0.000334215,2992085.933,1,1,2316.275194
C MPI,10,10000,1,1,0.002057258,4860839.039,1,1,3752.09925
C MPI,10,100000,1,1,0.019487081,5131604.882,1,1,4012.401237
C MPI,10,1000000,1,1,0.138049995,7243752.526,1,1,6014.287519
C MPI,20,10,1,1,2.3496e-05,425604.3582,1,1,382.9011321
C MPI,20,100,1,1,5.603e-05,1784758.165,1,1,1518.871676
C MPI,20,1000,1,1,0.000474308,2108334.669,1,1,1660.303491
C MPI,20,10000,1,1,0.002597136,3850395.205,1,1,3074.167567
C MPI,20,100000,1,1,0.020871294,4791269.77,1,1,3756.37437
C MPI,20,1000000,1,1,0.180437372,5542089.141,1,1,4468.606264
C MPI,30,10,1,1,1.6846e-05,593612.7271,1,1,516.7460525
C MPI,30,100,1,1,7.9556e-05,1256976.218,1,1,977.9838102
C MPI,30,1000,1,1,0.000558013,1792072.945,1,1,1379.206036
C MPI,30,10000,1,1,0.005008372,1996656.798,1,1,1514.946795
C MPI,30,100000,1,1,0.027664014,3614804.417,1,1,2849.453722
C MPI,30,1000000,1,1,0.264541931,3780119.077,1,1,3019.114081
C MPI,40,10,1,1,2.9114e-05,343477.3648,1,1,299.5829497
C MPI,40,100,1,1,4.4272e-05,2258764.004,1,1,1879.082784
C MPI,40,1000,1,1,0.000776359,1288063.898,1,1,992.041683
C MPI,40,10000,1,1,0.004419631,2262632.333,1,1,1799.125858
C MPI,40,100000,1,1,0.034049252,2936922.08,1,1,2301.203487
C MPI,40,1000000,1,1,0.331392473,3017570.046,1,1,2404.057717
C MPI,50,10,1,1,1.8139e-05,551298.3075,1,1,476.7404488
C MPI,50,100,1,1,5.1127e-05,1955913.705,1,1,1625.935748
C MPI,50,1000,1,1,0.000405,2469135.802,1,1,1901.13239
C MPI,50,10000,1,1,0.009415952,1062027.504,1,1,818.5644792
C MPI,50,100000,1,1,0.03797854,2633065.937,1,1,2172.883069
C MPI,50,1000000,1,1,0.380921871,2625210.249,1,1,2103.824462
C MPI,10,10,2,1,2.0947e-05,477395.3311,0.9217549052,0.4608774526,431.6995274
C MPI,10,100,2,1,2.4443e-05,4091150.841,1.404737553,0.7023687763,3419.665671
C MPI,10,1000,2,1,9.2261e-05,10838815.97,3.622494879,1.811247439,8390.695028
C MPI,10,10000,2,1,0.000855537,11688565.19,2.404639425,1.202319713,9022.445784
C MPI,10,100000,2,1,0.00680335,14698641.11,2.864336099,1.43216805,11492.86571
C MPI,10,1000000,2,1,0.068473784,14604129.37,2.016099987,1.008049993,12125.40499
C MPI,20,10,2,1,3.003e-05,333000.333,0.7824175824,0.3912087912,299.5885781
C MPI,20,100,2,1,3.0577e-05,3270432.024,1.832423063,0.9162115315,2783.215489
C MPI,20,1000,2,1,0.000119723,8352613.951,3.961711618,1.980855809,6577.643627
C MPI,20,10000,2,1,0.00115842,8632447.644,2.241964054,1.120982027,6892.173183
C MPI,20,100000,2,1,0.009504336,10521513.55,2.195976026,1.097988013,8248.908062
C MPI,20,1000000,2,1,0.091101943,10976714.29,1.980609481,0.9903047403,8850.563931
C MPI,30,10,2,1,2.6058e-05,383759.3062,0.6464809272,0.3232404636,334.0664671
C MPI,30,100,2,1,2.6797e-05,3731761.018,2.968839795,1.484419898,2903.477255
C MPI,30,1000,2,1,0.000173692,5757317.551,3.212658038,1.606329019,4430.917359
C MPI,30,10000,2,1,0.001336028,7484873.072,3.748702871,1.874351436,5679.085402
C MPI,30,100000,2,1,0.013688737,7305275.863,2.020932537,1.010466269,5758.553741
C MPI,30,1000000,2,1,0.130993692,7633955.382,2.019501298,1.009750649,6097.104805
C MPI,40,10,2,1,2.8987e-05,344982.2334,1.004381274,0.5021906372,300.8955048
C MPI,40,100,2,1,3.0668e-05,3260727.794,1.443589409,0.7217947046,2712.624005
C MPI,40,1000,2,1,0.000217289,4602165.779,3.572932822,1.786466411,3544.49829
C MPI,40,10000,2,1,0.001726323,5792658.732,2.56014141,1.280070705,4606.01661
C MPI,40,100000,2,1,0.018289937,5467487.395,1.861638561,0.9308192806,4284.009149
C MPI,40,1000000,2,1,0.167623792,5965740.233,1.977001409,0.9885007046,4752.825494
C MPI,50,10,2,1,1.9999e-05,500025.0013,0.9069953498,0.4534976749,432.4013701
C MPI,50,100,2,1,3.0787e-05,3248124.208,1.660668464,0.830334232,2700.140222
C MPI,50,1000,2,1,0.000345268,2896300.845,1.173001842,0.586500921,2230.031796
C MPI,50,10000,2,1,0.001931879,5176307.626,4.873986414,2.436993207,3989.672151
C MPI,50,100000,2,1,0.018676305,5354378.181,2.033514659,1.01675733,4418.589573
C MPI,50,1000000,2,1,0.193447718,5169355.371,1.96912052,0.9845602598,4142.683918
C MPI,10,10,4,1,1.4734e-05,678702.3212,1.310438442,0.3276096104,613.7376137
C MPI,10,100,4,1,3.4778e-05,2875380.988,0.987290816,0.246822704,2403.441486
C MPI,10,1000,4,1,4.9404e-05,20241276.01,6.764938062,1.691234515,15669.45822
C MPI,10,10000,4,1,0.000762269,13118728.43,2.698860901,0.6747152252,10126.39396
C MPI,10,100000,4,1,0.005381849,18580974.68,3.620889586,0.9052223966,14528.46186
C MPI,10,1000000,4,1,0.034304241,29150914.61,4.024283616,1.006070904,24203.19872
C MPI,20,10,4,1,2.5317e-05,394991.5077,0.9280720465,0.2320180116,355.3598372
C MPI,20,100,4,1,3.3663e-05,2970620.563,1.664438701,0.4161096753,2528.0688
C MPI,20,1000,4,1,0.000152673,6549946.618,3.10669208,0.7766730201,5158.051705
C MPI,20,10000,4,1,0.000520655,19206576.33,4.988209083,1.247052271,15334.59058
C MPI,20,100000,4,1,0.004553338,21961910.14,4.583734834,1.145933708,17218.22405
C MPI,20,1000000,4,1,0.0476542,20984509.24,3.786389699,0.9465974248,16919.88473
C MPI,30,10,4,1,1.6679e-05,599556.3283,1.010012591,0.2525031477,521.9200192
C MPI,30,100,4,1,2.2917e-05,4363572.893,3.471484051,0.8678710128,3395.055199
C MPI,30,1000,4,1,0.000167708,5962744.771,3.327289098,0.8318222744,4589.017208
C MPI,30,10000,4,1,0.001205694,8293978.406,4.153932922,1.03848323,6292.987367
C MPI,30,100000,4,1,0.006677541,14975572.59,4.142844499,1.035711125,11804.84368
C MPI,30,1000000,4,1,0.07161282,13963980.19,3.694058285,0.9235145711,11152.78338
C MPI,40,10,4,1,1.7259e-05,579407.8452,1.686888,0.4217220001,505.3628831
C MPI,40,100,4,1,3.9813e-05,2511742.396,1.111998593,0.2779996484,2089.537412
C MPI,40,1000,4,1,0.000188344,5309433.802,4.122026717,1.030506679,4089.222322
C MPI,40,10000,4,1,0.001362891,7337343.926,3.242835267,0.8107088168,5834.268781
C MPI,40,100000,4,1,0.008927477,11201373.02,3.813983727,0.9534959317,8776.752653
C MPI,40,1000000,4,1,0.092185652,10847675.08,3.594837871,0.8987094678,8642.197725
C MPI,50,10,4,1,1.863e-05,536768.6527,0.9736446592,0.2434111648,464.1757918
C MPI,50,100,4,1,2.7298e-05,3663272.035,1.872921093,0.4682302733,3045.249359
C MPI,50,1000,4,1,0.00017629,5672471.496,2.297350956,0.574337739,4367.568314
C MPI,50,10000,4,1,0.00134989,7408011.023,6.975347621,1.743836905,5709.771793
C MPI,50,100000,4,1,0.009445863,10586645.18,4.020653274,1.005163319,8736.409425
C MPI,50,1000000,4,1,0.098175544,10185836.1,3.880007744,0.970001936,8162.855205
C MPI,10,10,8,1,0.000106719,93704.02646,0.1809237343,0.02261546679,84.73477076
C MPI,10,100,8,1,5.3717e-05,1861608.057,0.6392017425,0.07990021781,1556.060242
C MPI,10,1000,8,1,0.000145846,6856547.317,2.291560962,0.2864451202,5307.885811
C MPI,10,10000,8,1,0.000576103,17358007.16,3.57098991,0.4463737387,13398.70856
C MPI,10,100000,8,1,0.00294047,34008168.76,6.627199393,0.8283999242,26590.98305
C MPI,10,1000000,8,1,0.027696693,36105393.52,4.984349395,0.6230436744,29977.31036
C MPI,20,10,8,1,2.9475e-05,339270.5683,0.7971501272,0.0996437659,305.2296862
C MPI,20,100,8,1,2.987e-05,3347840.643,1.875795112,0.234474389,2849.092066
C MPI,20,1000,8,1,9.4188e-05,10617063.74,5.035758271,0.6294697838,8360.887034
C MPI,20,10000,8,1,0.000483164,20696906.23,5.375268025,0.6719085031,16524.47463
C MPI,20,100000,8,1,0.006011198,16635619.06,3.472068962,0.4340086202,13042.39086
C MPI,20,1000000,8,1,0.038612639,25898255.75,4.673013207,0.5841266509,20881.85609
C MPI,30,10,8,1,4.1117e-05,243208.4053,0.4097088795,0.05121360994,211.7154462
C MPI,30,100,8,1,4.7808e-05,2091700.134,1.664072959,0.2080091198,1627.436412
C MPI,30,1000,8,1,8.2759e-05,12083277.95,6.74262618,0.8428282725,9299.470728
C MPI,30,10000,8,1,0.000594172,16830143.46,8.429161926,1.053645241,12769.73185
C MPI,30,100000,8,1,0.005167658,19351125.79,5.353298148,0.6691622685,15253.97533
C MPI,30,1000000,8,1,0.047344655,21121708.46,5.587577542,0.6984471927,16869.53404
C MPI,40,10,8,1,8.2629e-05,121022.8854,0.3523460286,0.04404325358,105.5568626
C MPI,40,100,8,1,3.2785e-05,3050175.385,1.350373646,0.1687967058,2537.463871
C MPI,40,1000,8,1,0.000105354,9491808.569,7.369051009,0.9211313761,7310.405765
C MPI,40,10000,8,1,0.000837672,11937846.79,5.276087777,0.6595109721,9492.345946
C MPI,40,100000,8,1,0.007855301,12730256.93,4.334557263,0.5418196578,9974.698289
C MPI,40,1000000,8,1,0.062399248,16025834.16,5.310840813,0.6638551017,12767.56784
C MPI,50,10,8,1,5.9968e-05,166755.603,0.3024779883,0.03780974853,144.2034919
C MPI,50,100,8,1,4.3331e-05,2307816.575,1.17991738,0.1474896725,1918.469848
C MPI,50,1000,8,1,0.000102128,9791634.028,3.965611781,0.4957014727,7539.153004
C MPI,50,10000,8,1,0.000831779,12022424.23,11.32025694,1.415032118,9266.360229
C MPI,50,100000,8,1,0.007371285,13566155.7,5.152227868,0.6440284835,11195.1887
C MPI,50,1000000,8,1,0.070864224,14111492.99,5.375376311,0.6719220389,11308.84818
CUDA,10,10,1,1.0,0.0001927529999647959,51879.866989496324,1.0,1.0,499622.6590900727
CUDA,10,100,1,1.0,0.00019378700005745486,516030.48692818166,1.0,1.0,496956.7946324956
CUDA,10,1000,1,1.0,0.000275579000003745,3628723.5238766754,1.0,1.0,349459.742537317
CUDA,10,10000,1,1.0,0.000656843999990997,15224315.05827421,1.0,1.0,146615.88808197988
CUDA,10,100000,1,1.0,0.0015726880000102028,63585402.82583147,1.0,1.0,61235.137795529205
CUDA,10,1000000,1,1.0,0.01574705499990614,63503937.72079671,1.0,1.0,6115.668383108716
CUDA,20,10,1,1.0,0.00020172299991827458,49572.92923489819,1.0,1.0,477405.97963056376
CUDA,20,100,1,1.0,0.00023197200005142804,431086.5103453437,1.0,1.0,415152.545861783
CUDA,20,1000,1,1.0,0.0003746580000552058,2669100.886282023,1.0,1.0,257044.46822384594
CUDA,20,10000,1,1.0,0.0003423189999693932,29212518.150888797,1.0,1.0,281327.55236668297
CUDA,20,100000,1,1.0,0.0022020810000640267,45411590.21720475,1.0,1.0,43733.07175676095
CUDA,20,1000000,1,1.0,0.02066183399995225,48398414.19703164,1.0,1.0,4660.949574477395
CUDA,30,10,1,1.0,0.00020676700000876735,48363.617016138836,1.0,1.0,465759.84748976637
CUDA,30,100,1,1.0,0.00028112199993302056,355717.44660263427,1.0,1.0,342569.2987846739
CUDA,30,1000,1,1.0,0.000410473999977512,2436207.896370502,1.0,1.0,234615.99612953817
CUDA,30,10000,1,1.0,0.00038812399998278124,25764961.714409932,1.0,1.0,248126.28539918282
CUDA,30,100000,1,1.0,0.003748700999949506,26675907.201280385,1.0,1.0,25689.90335353425
CUDA,30,1000000,1,1.0,0.02700871799993365,37025082.04952403,1.0,1.0,3565.654852267945
CUDA,40,10,1,1.0,0.0002042490000349062,48959.84802026447,1.0,1.0,471501.7766233454
CUDA,40,100,1,1.0,0.0003025869996235997,330483.4646709676,1.0,1.0,318268.0237743069
CUDA,40,1000,1,1.0,0.0004643770000711811,2153422.757472306,1.0,1.0,207382.72217452258
CUDA,40,10000,1,1.0,0.000447115000042686,22365610.634949178,1.0,1.0,215389.25417578453
CUDA,40,100000,1,1.0,0.0035875869999699717,27873888.494087253,1.0,1.0,26843.604459154878
CUDA,40,1000000,1,1.0,0.032820280999885654,30468965.210976835,1.0,1.0,2934.2761078229505
CUDA,50,10,1,1.0,0.0002311949999693752,43253.53057516222,1.0,1.0,416547.79040531453
CUDA,50,100,1,1.0,0.0009339700000055018,107069.82022914111,1.0,1.0,103112.26954766503
CUDA,50,1000,1,1.0,0.0005890989998533769,1697507.5500873264,1.0,1.0,163476.3705488711
CUDA,50,10000,1,1.0,0.0005435830000806163,18396454.632534396,1.0,1.0,177164.7869335826
CUDA,50,100000,1,1.0,0.004217806000042401,23709008.90154614,1.0,1.0,22832.6685459293
CUDA,50,1000000,1,1.0,0.03936174000000392,25405380.961306598,1.0,1.0,2446.6338731466244